"HealthTopic","Population","Indicator","Unit","Time","RegionCode","RegionName","NumValue","TxtValue"
"Chikungunya virus disease","All cases","Reported cases","N","2008","AT","Austria",0.000000000,""
"Chikungunya virus disease","All cases","Reported cases","N","2008","BE","Belgium",0.000000000,""
"Chikungunya virus disease","All cases","Reported cases","N","2008","CZ","Czechia",0.000000000,""
"Chikungunya virus disease","All cases","Reported cases","N","2008","DE","Germany",17.000000000,""
"Chikungunya virus disease","All cases","Reported cases","N","2008","EE","Estonia",0.000000000,""
"Chikungunya virus disease","All cases","Reported cases","N","2008","EL","Greece",0.000000000,""
"Chikungunya virus disease","All cases","Reported cases","N","2008","ES","Spain",5.000000000,""
"Chikungunya virus disease","All cases","Reported cases","N","2008","EU_EEA31","EU/EEA",41.000000000,""
"Chikungunya virus disease","All cases","Reported cases","N","2008","EU28","EU",41.000000000,""
"Chikungunya virus disease","All cases","Reported cases","N","2008","FI","Finland",0.000000000,""
"Chikungunya virus disease","All cases","Reported cases","N","2008","FR","France",1.000000000,""
"Chikungunya virus disease","All cases","Reported cases","N","2008","HU","Hungary",0.000000000,""
"Chikungunya virus disease","All cases","Reported cases","N","2008","IE","Ireland",0.000000000,""
"Chikungunya virus disease","All cases","Reported cases","N","2008","IT","Italy",9.000000000,""
"Chikungunya virus disease","All cases","Reported cases","N","2008","LT","Lithuania",0.000000000,""
"Chikungunya virus disease","All cases","Reported cases","N","2008","LU","Luxembourg",0.000000000,""
"Chikungunya virus disease","All cases","Reported cases","N","2008","LV","Latvia",0.000000000,""
"Chikungunya virus disease","All cases","Reported cases","N","2008","MT","Malta",0.000000000,""
"Chikungunya virus disease","All cases","Reported cases","N","2008","PL","Poland",0.000000000,""
"Chikungunya virus disease","All cases","Reported cases","N","2008","RO","Romania",0.000000000,""
"Chikungunya virus disease","All cases","Reported cases","N","2008","SI","Slovenia",0.000000000,""
"Chikungunya virus disease","All cases","Reported cases","N","2008","SK","Slovakia",0.000000000,""
"Chikungunya virus disease","All cases","Reported cases","N","2008","UK","United Kingdom",9.000000000,""
"Chikungunya virus disease","All cases","Reported cases","N","2009","AT","Austria",8.000000000,""
"Chikungunya virus disease","All cases","Reported cases","N","2009","BE","Belgium",6.000000000,""
"Chikungunya virus disease","All cases","Reported cases","N","2009","CZ","Czechia",0.000000000,""
"Chikungunya virus disease","All cases","Reported cases","N","2009","DE","Germany",54.000000000,""
"Chikungunya virus disease","All cases","Reported cases","N","2009","EE","Estonia",0.000000000,""
"Chikungunya virus disease","All cases","Reported cases","N","2009","EL","Greece",0.000000000,""
"Chikungunya virus disease","All cases","Reported cases","N","2009","ES","Spain",6.000000000,""
"Chikungunya virus disease","All cases","Reported cases","N","2009","EU_EEA31","EU/EEA",149.000000000,""
"Chikungunya virus disease","All cases","Reported cases","N","2009","EU28","EU",149.000000000,""
"Chikungunya virus disease","All cases","Reported cases","N","2009","FI","Finland",3.000000000,""
"Chikungunya virus disease","All cases","Reported cases","N","2009","FR","France",13.000000000,""
"Chikungunya virus disease","All cases","Reported cases","N","2009","HU","Hungary",0.000000000,""
"Chikungunya virus disease","All cases","Reported cases","N","2009","IE","Ireland",0.000000000,""
"Chikungunya virus disease","All cases","Reported cases","N","2009","IT","Italy",3.000000000,""
"Chikungunya virus disease","All cases","Reported cases","N","2009","LT","Lithuania",0.000000000,""
"Chikungunya virus disease","All cases","Reported cases","N","2009","LU","Luxembourg",0.000000000,""
"Chikungunya virus disease","All cases","Reported cases","N","2009","LV","Latvia",0.000000000,""
"Chikungunya virus disease","All cases","Reported cases","N","2009","MT","Malta",0.000000000,""
"Chikungunya virus disease","All cases","Reported cases","N","2009","PL","Poland",0.000000000,""
"Chikungunya virus disease","All cases","Reported cases","N","2009","RO","Romania",0.000000000,""
"Chikungunya virus disease","All cases","Reported cases","N","2009","SE","Sweden",0.000000000,""
"Chikungunya virus disease","All cases","Reported cases","N","2009","SI","Slovenia",0.000000000,""
"Chikungunya virus disease","All cases","Reported cases","N","2009","SK","Slovakia",0.000000000,""
"Chikungunya virus disease","All cases","Reported cases","N","2009","UK","United Kingdom",56.000000000,""
"Chikungunya virus disease","All cases","Reported cases","N","2010","AT","Austria",2.000000000,""
"Chikungunya virus disease","All cases","Reported cases","N","2010","BE","Belgium",8.000000000,""
"Chikungunya virus disease","All cases","Reported cases","N","2010","CZ","Czechia",0.000000000,""
"Chikungunya virus disease","All cases","Reported cases","N","2010","DE","Germany",37.000000000,""
"Chikungunya virus disease","All cases","Reported cases","N","2010","EE","Estonia",0.000000000,""
"Chikungunya virus disease","All cases","Reported cases","N","2010","EL","Greece",0.000000000,""
"Chikungunya virus disease","All cases","Reported cases","N","2010","ES","Spain",0.000000000,""
"Chikungunya virus disease","All cases","Reported cases","N","2010","EU_EEA31","EU/EEA",179.000000000,""
"Chikungunya virus disease","All cases","Reported cases","N","2010","EU28","EU",179.000000000,""
"Chikungunya virus disease","All cases","Reported cases","N","2010","FI","Finland",1.000000000,""
"Chikungunya virus disease","All cases","Reported cases","N","2010","FR","France",44.000000000,""
"Chikungunya virus disease","All cases","Reported cases","N","2010","HU","Hungary",0.000000000,""
"Chikungunya virus disease","All cases","Reported cases","N","2010","IE","Ireland",1.000000000,""
"Chikungunya virus disease","All cases","Reported cases","N","2010","IT","Italy",7.000000000,""
"Chikungunya virus disease","All cases","Reported cases","N","2010","LT","Lithuania",0.000000000,""
"Chikungunya virus disease","All cases","Reported cases","N","2010","LU","Luxembourg",0.000000000,""
"Chikungunya virus disease","All cases","Reported cases","N","2010","LV","Latvia",0.000000000,""
"Chikungunya virus disease","All cases","Reported cases","N","2010","MT","Malta",0.000000000,""
"Chikungunya virus disease","All cases","Reported cases","N","2010","PL","Poland",0.000000000,""
"Chikungunya virus disease","All cases","Reported cases","N","2010","RO","Romania",0.000000000,""
"Chikungunya virus disease","All cases","Reported cases","N","2010","SE","Sweden",0.000000000,""
"Chikungunya virus disease","All cases","Reported cases","N","2010","SI","Slovenia",0.000000000,""
"Chikungunya virus disease","All cases","Reported cases","N","2010","SK","Slovakia",0.000000000,""
"Chikungunya virus disease","All cases","Reported cases","N","2010","UK","United Kingdom",79.000000000,""
"Chikungunya virus disease","All cases","Reported cases","N","2011","AT","Austria",2.000000000,""
"Chikungunya virus disease","All cases","Reported cases","N","2011","BE","Belgium",8.000000000,""
"Chikungunya virus disease","All cases","Reported cases","N","2011","CZ","Czechia",0.000000000,""
"Chikungunya virus disease","All cases","Reported cases","N","2011","DE","Germany",13.000000000,""
"Chikungunya virus disease","All cases","Reported cases","N","2011","EE","Estonia",0.000000000,""
"Chikungunya virus disease","All cases","Reported cases","N","2011","EL","Greece",0.000000000,""
"Chikungunya virus disease","All cases","Reported cases","N","2011","ES","Spain",4.000000000,""
"Chikungunya virus disease","All cases","Reported cases","N","2011","EU_EEA31","EU/EEA",55.000000000,""
"Chikungunya virus disease","All cases","Reported cases","N","2011","EU28","EU",55.000000000,""
"Chikungunya virus disease","All cases","Reported cases","N","2011","FI","Finland",0.000000000,""
"Chikungunya virus disease","All cases","Reported cases","N","2011","FR","France",12.000000000,""
"Chikungunya virus disease","All cases","Reported cases","N","2011","HU","Hungary",0.000000000,""
"Chikungunya virus disease","All cases","Reported cases","N","2011","IE","Ireland",0.000000000,""
"Chikungunya virus disease","All cases","Reported cases","N","2011","IT","Italy",2.000000000,""
"Chikungunya virus disease","All cases","Reported cases","N","2011","LT","Lithuania",0.000000000,""
"Chikungunya virus disease","All cases","Reported cases","N","2011","LU","Luxembourg",0.000000000,""
"Chikungunya virus disease","All cases","Reported cases","N","2011","LV","Latvia",0.000000000,""
"Chikungunya virus disease","All cases","Reported cases","N","2011","MT","Malta",0.000000000,""
"Chikungunya virus disease","All cases","Reported cases","N","2011","PL","Poland",0.000000000,""
"Chikungunya virus disease","All cases","Reported cases","N","2011","RO","Romania",0.000000000,""
"Chikungunya virus disease","All cases","Reported cases","N","2011","SE","Sweden",0.000000000,""
"Chikungunya virus disease","All cases","Reported cases","N","2011","SI","Slovenia",0.000000000,""
"Chikungunya virus disease","All cases","Reported cases","N","2011","SK","Slovakia",0.000000000,""
"Chikungunya virus disease","All cases","Reported cases","N","2011","UK","United Kingdom",14.000000000,""
"Chikungunya virus disease","All cases","Reported cases","N","2012","AT","Austria",0.000000000,""
"Chikungunya virus disease","All cases","Reported cases","N","2012","BE","Belgium",6.000000000,""
"Chikungunya virus disease","All cases","Reported cases","N","2012","CZ","Czechia",0.000000000,""
"Chikungunya virus disease","All cases","Reported cases","N","2012","DE","Germany",9.000000000,""
"Chikungunya virus disease","All cases","Reported cases","N","2012","EE","Estonia",0.000000000,""
"Chikungunya virus disease","All cases","Reported cases","N","2012","EL","Greece",0.000000000,""
"Chikungunya virus disease","All cases","Reported cases","N","2012","ES","Spain",2.000000000,""
"Chikungunya virus disease","All cases","Reported cases","N","2012","EU_EEA31","EU/EEA",56.000000000,""
"Chikungunya virus disease","All cases","Reported cases","N","2012","EU28","EU",56.000000000,""
"Chikungunya virus disease","All cases","Reported cases","N","2012","FI","Finland",0.000000000,""
"Chikungunya virus disease","All cases","Reported cases","N","2012","FR","France",11.000000000,""
"Chikungunya virus disease","All cases","Reported cases","N","2012","HR","Croatia",0.000000000,""
"Chikungunya virus disease","All cases","Reported cases","N","2012","HU","Hungary",0.000000000,""
"Chikungunya virus disease","All cases","Reported cases","N","2012","IE","Ireland",0.000000000,""
"Chikungunya virus disease","All cases","Reported cases","N","2012","IT","Italy",5.000000000,""
"Chikungunya virus disease","All cases","Reported cases","N","2012","LT","Lithuania",0.000000000,""
"Chikungunya virus disease","All cases","Reported cases","N","2012","LU","Luxembourg",0.000000000,""
"Chikungunya virus disease","All cases","Reported cases","N","2012","LV","Latvia",0.000000000,""
"Chikungunya virus disease","All cases","Reported cases","N","2012","MT","Malta",0.000000000,""
"Chikungunya virus disease","All cases","Reported cases","N","2012","PL","Poland",0.000000000,""
"Chikungunya virus disease","All cases","Reported cases","N","2012","RO","Romania",0.000000000,""
"Chikungunya virus disease","All cases","Reported cases","N","2012","SE","Sweden",2.000000000,""
"Chikungunya virus disease","All cases","Reported cases","N","2012","SI","Slovenia",0.000000000,""
"Chikungunya virus disease","All cases","Reported cases","N","2012","SK","Slovakia",0.000000000,""
"Chikungunya virus disease","All cases","Reported cases","N","2012","UK","United Kingdom",21.000000000,""
"Chikungunya virus disease","All cases","Reported cases","N","2013","AT","Austria",0.000000000,""
"Chikungunya virus disease","All cases","Reported cases","N","2013","BE","Belgium",7.000000000,""
"Chikungunya virus disease","All cases","Reported cases","N","2013","CZ","Czechia",0.000000000,""
"Chikungunya virus disease","All cases","Reported cases","N","2013","DE","Germany",16.000000000,""
"Chikungunya virus disease","All cases","Reported cases","N","2013","EE","Estonia",0.000000000,""
"Chikungunya virus disease","All cases","Reported cases","N","2013","EL","Greece",0.000000000,""
"Chikungunya virus disease","All cases","Reported cases","N","2013","ES","Spain",2.000000000,""
"Chikungunya virus disease","All cases","Reported cases","N","2013","EU_EEA31","EU/EEA",73.000000000,""
"Chikungunya virus disease","All cases","Reported cases","N","2013","EU28","EU",73.000000000,""
"Chikungunya virus disease","All cases","Reported cases","N","2013","FI","Finland",1.000000000,""
"Chikungunya virus disease","All cases","Reported cases","N","2013","FR","France",12.000000000,""
"Chikungunya virus disease","All cases","Reported cases","N","2013","HR","Croatia",0.000000000,""
"Chikungunya virus disease","All cases","Reported cases","N","2013","HU","Hungary",0.000000000,""
"Chikungunya virus disease","All cases","Reported cases","N","2013","IE","Ireland",0.000000000,""
"Chikungunya virus disease","All cases","Reported cases","N","2013","IT","Italy",3.000000000,""
"Chikungunya virus disease","All cases","Reported cases","N","2013","LT","Lithuania",0.000000000,""
"Chikungunya virus disease","All cases","Reported cases","N","2013","LU","Luxembourg",0.000000000,""
"Chikungunya virus disease","All cases","Reported cases","N","2013","LV","Latvia",0.000000000,""
"Chikungunya virus disease","All cases","Reported cases","N","2013","MT","Malta",0.000000000,""
"Chikungunya virus disease","All cases","Reported cases","N","2013","PL","Poland",0.000000000,""
"Chikungunya virus disease","All cases","Reported cases","N","2013","RO","Romania",0.000000000,""
"Chikungunya virus disease","All cases","Reported cases","N","2013","SE","Sweden",6.000000000,""
"Chikungunya virus disease","All cases","Reported cases","N","2013","SI","Slovenia",0.000000000,""
"Chikungunya virus disease","All cases","Reported cases","N","2013","SK","Slovakia",0.000000000,""
"Chikungunya virus disease","All cases","Reported cases","N","2013","UK","United Kingdom",26.000000000,""
"Chikungunya virus disease","All cases","Reported cases","N","2014","BE","Belgium",74.000000000,""
"Chikungunya virus disease","All cases","Reported cases","N","2014","CZ","Czechia",3.000000000,""
"Chikungunya virus disease","All cases","Reported cases","N","2014","DE","Germany",162.000000000,""
"Chikungunya virus disease","All cases","Reported cases","N","2014","EE","Estonia",0.000000000,""
"Chikungunya virus disease","All cases","Reported cases","N","2014","EL","Greece",1.000000000,""
"Chikungunya virus disease","All cases","Reported cases","N","2014","ES","Spain",272.000000000,""
"Chikungunya virus disease","All cases","Reported cases","N","2014","EU_EEA31","EU/EEA",1699.000000000,""
"Chikungunya virus disease","All cases","Reported cases","N","2014","EU28","EU",1699.000000000,""
"Chikungunya virus disease","All cases","Reported cases","N","2014","FI","Finland",4.000000000,""
"Chikungunya virus disease","All cases","Reported cases","N","2014","FR","France",788.000000000,""
"Chikungunya virus disease","All cases","Reported cases","N","2014","HR","Croatia",0.000000000,""
"Chikungunya virus disease","All cases","Reported cases","N","2014","HU","Hungary",2.000000000,""
"Chikungunya virus disease","All cases","Reported cases","N","2014","IE","Ireland",1.000000000,""
"Chikungunya virus disease","All cases","Reported cases","N","2014","IT","Italy",39.000000000,""
"Chikungunya virus disease","All cases","Reported cases","N","2014","LT","Lithuania",0.000000000,""
"Chikungunya virus disease","All cases","Reported cases","N","2014","LU","Luxembourg",0.000000000,""
"Chikungunya virus disease","All cases","Reported cases","N","2014","LV","Latvia",0.000000000,""
"Chikungunya virus disease","All cases","Reported cases","N","2014","MT","Malta",0.000000000,""
"Chikungunya virus disease","All cases","Reported cases","N","2014","NL","Netherlands",33.000000000,""
"Chikungunya virus disease","All cases","Reported cases","N","2014","PL","Poland",0.000000000,""
"Chikungunya virus disease","All cases","Reported cases","N","2014","RO","Romania",0.000000000,""
"Chikungunya virus disease","All cases","Reported cases","N","2014","SE","Sweden",19.000000000,""
"Chikungunya virus disease","All cases","Reported cases","N","2014","SI","Slovenia",0.000000000,""
"Chikungunya virus disease","All cases","Reported cases","N","2014","SK","Slovakia",0.000000000,""
"Chikungunya virus disease","All cases","Reported cases","N","2014","UK","United Kingdom",301.000000000,""
"Chikungunya virus disease","All cases","Reported cases","N","2015","BE","Belgium",44.000000000,""
"Chikungunya virus disease","All cases","Reported cases","N","2015","CZ","Czechia",1.000000000,""
"Chikungunya virus disease","All cases","Reported cases","N","2015","DE","Germany",110.000000000,""
"Chikungunya virus disease","All cases","Reported cases","N","2015","EE","Estonia",0.000000000,""
"Chikungunya virus disease","All cases","Reported cases","N","2015","EL","Greece",0.000000000,""
"Chikungunya virus disease","All cases","Reported cases","N","2015","ES","Spain",234.000000000,""
"Chikungunya virus disease","All cases","Reported cases","N","2015","EU_EEA31","EU/EEA",640.000000000,""
"Chikungunya virus disease","All cases","Reported cases","N","2015","EU28","EU",640.000000000,""
"Chikungunya virus disease","All cases","Reported cases","N","2015","FI","Finland",7.000000000,""
"Chikungunya virus disease","All cases","Reported cases","N","2015","FR","France",68.000000000,""
"Chikungunya virus disease","All cases","Reported cases","N","2015","HR","Croatia",0.000000000,""
"Chikungunya virus disease","All cases","Reported cases","N","2015","HU","Hungary",2.000000000,""
"Chikungunya virus disease","All cases","Reported cases","N","2015","IE","Ireland",1.000000000,""
"Chikungunya virus disease","All cases","Reported cases","N","2015","IT","Italy",18.000000000,""
"Chikungunya virus disease","All cases","Reported cases","N","2015","LT","Lithuania",0.000000000,""
"Chikungunya virus disease","All cases","Reported cases","N","2015","LU","Luxembourg",0.000000000,""
"Chikungunya virus disease","All cases","Reported cases","N","2015","LV","Latvia",2.000000000,""
"Chikungunya virus disease","All cases","Reported cases","N","2015","MT","Malta",0.000000000,""
"Chikungunya virus disease","All cases","Reported cases","N","2015","NL","Netherlands",24.000000000,""
"Chikungunya virus disease","All cases","Reported cases","N","2015","PL","Poland",0.000000000,""
"Chikungunya virus disease","All cases","Reported cases","N","2015","PT","Portugal",0.000000000,""
"Chikungunya virus disease","All cases","Reported cases","N","2015","RO","Romania",0.000000000,""
"Chikungunya virus disease","All cases","Reported cases","N","2015","SE","Sweden",23.000000000,""
"Chikungunya virus disease","All cases","Reported cases","N","2015","SI","Slovenia",0.000000000,""
"Chikungunya virus disease","All cases","Reported cases","N","2015","SK","Slovakia",0.000000000,""
"Chikungunya virus disease","All cases","Reported cases","N","2015","UK","United Kingdom",106.000000000,""
"Chikungunya virus disease","All cases","Reported cases","N","2016","AT","Austria",9.000000000,""
"Chikungunya virus disease","All cases","Reported cases","N","2016","BE","Belgium",29.000000000,""
"Chikungunya virus disease","All cases","Reported cases","N","2016","CZ","Czechia",7.000000000,""
"Chikungunya virus disease","All cases","Reported cases","N","2016","DE","Germany",74.000000000,""
"Chikungunya virus disease","All cases","Reported cases","N","2016","EE","Estonia",0.000000000,""
"Chikungunya virus disease","All cases","Reported cases","N","2016","EL","Greece",2.000000000,""
"Chikungunya virus disease","All cases","Reported cases","N","2016","ES","Spain",105.000000000,""
"Chikungunya virus disease","All cases","Reported cases","N","2016","EU_EEA31","EU/EEA",488.000000000,""
"Chikungunya virus disease","All cases","Reported cases","N","2016","EU28","EU",488.000000000,""
"Chikungunya virus disease","All cases","Reported cases","N","2016","FI","Finland",0.000000000,""
"Chikungunya virus disease","All cases","Reported cases","N","2016","FR","France",42.000000000,""
"Chikungunya virus disease","All cases","Reported cases","N","2016","HR","Croatia",0.000000000,""
"Chikungunya virus disease","All cases","Reported cases","N","2016","HU","Hungary",1.000000000,""
"Chikungunya virus disease","All cases","Reported cases","N","2016","IE","Ireland",0.000000000,""
"Chikungunya virus disease","All cases","Reported cases","N","2016","IT","Italy",17.000000000,""
"Chikungunya virus disease","All cases","Reported cases","N","2016","LT","Lithuania",0.000000000,""
"Chikungunya virus disease","All cases","Reported cases","N","2016","LU","Luxembourg",0.000000000,""
"Chikungunya virus disease","All cases","Reported cases","N","2016","LV","Latvia",0.000000000,""
"Chikungunya virus disease","All cases","Reported cases","N","2016","MT","Malta",1.000000000,""
"Chikungunya virus disease","All cases","Reported cases","N","2016","NL","Netherlands",7.000000000,""
"Chikungunya virus disease","All cases","Reported cases","N","2016","PL","Poland",0.000000000,""
"Chikungunya virus disease","All cases","Reported cases","N","2016","PT","Portugal",3.000000000,""
"Chikungunya virus disease","All cases","Reported cases","N","2016","RO","Romania",0.000000000,""
"Chikungunya virus disease","All cases","Reported cases","N","2016","SE","Sweden",20.000000000,""
"Chikungunya virus disease","All cases","Reported cases","N","2016","SI","Slovenia",2.000000000,""
"Chikungunya virus disease","All cases","Reported cases","N","2016","SK","Slovakia",0.000000000,""
"Chikungunya virus disease","All cases","Reported cases","N","2016","UK","United Kingdom",169.000000000,""
"Chikungunya virus disease","All cases","Reported cases","N","2017","AT","Austria",5.000000000,""
"Chikungunya virus disease","All cases","Reported cases","N","2017","BE","Belgium",10.000000000,""
"Chikungunya virus disease","All cases","Reported cases","N","2017","CZ","Czechia",0.000000000,""
"Chikungunya virus disease","All cases","Reported cases","N","2017","DE","Germany",33.000000000,""
"Chikungunya virus disease","All cases","Reported cases","N","2017","EE","Estonia",0.000000000,""
"Chikungunya virus disease","All cases","Reported cases","N","2017","EL","Greece",0.000000000,""
"Chikungunya virus disease","All cases","Reported cases","N","2017","ES","Spain",51.000000000,""
"Chikungunya virus disease","All cases","Reported cases","N","2017","EU_EEA31","EU/EEA",546.000000000,""
"Chikungunya virus disease","All cases","Reported cases","N","2017","EU28","EU",546.000000000,""
"Chikungunya virus disease","All cases","Reported cases","N","2017","FI","Finland",5.000000000,""
"Chikungunya virus disease","All cases","Reported cases","N","2017","FR","France",35.000000000,""
"Chikungunya virus disease","All cases","Reported cases","N","2017","HR","Croatia",0.000000000,""
"Chikungunya virus disease","All cases","Reported cases","N","2017","HU","Hungary",1.000000000,""
"Chikungunya virus disease","All cases","Reported cases","N","2017","IE","Ireland",0.000000000,""
"Chikungunya virus disease","All cases","Reported cases","N","2017","IT","Italy",289.000000000,""
"Chikungunya virus disease","All cases","Reported cases","N","2017","LT","Lithuania",0.000000000,""
"Chikungunya virus disease","All cases","Reported cases","N","2017","LU","Luxembourg",0.000000000,""
"Chikungunya virus disease","All cases","Reported cases","N","2017","LV","Latvia",0.000000000,""
"Chikungunya virus disease","All cases","Reported cases","N","2017","MT","Malta",0.000000000,""
"Chikungunya virus disease","All cases","Reported cases","N","2017","NL","Netherlands",0.000000000,""
"Chikungunya virus disease","All cases","Reported cases","N","2017","PL","Poland",0.000000000,""
"Chikungunya virus disease","All cases","Reported cases","N","2017","PT","Portugal",0.000000000,""
"Chikungunya virus disease","All cases","Reported cases","N","2017","RO","Romania",0.000000000,""
"Chikungunya virus disease","All cases","Reported cases","N","2017","SE","Sweden",13.000000000,""
"Chikungunya virus disease","All cases","Reported cases","N","2017","SI","Slovenia",0.000000000,""
"Chikungunya virus disease","All cases","Reported cases","N","2017","SK","Slovakia",0.000000000,""
"Chikungunya virus disease","All cases","Reported cases","N","2017","UK","United Kingdom",104.000000000,""
"Chikungunya virus disease","All cases","Reported cases","N","2018","AT","Austria",1.000000000,""
"Chikungunya virus disease","All cases","Reported cases","N","2018","BE","Belgium",3.000000000,""
"Chikungunya virus disease","All cases","Reported cases","N","2018","CZ","Czechia",6.000000000,""
"Chikungunya virus disease","All cases","Reported cases","N","2018","DE","Germany",26.000000000,""
"Chikungunya virus disease","All cases","Reported cases","N","2018","EE","Estonia",0.000000000,""
"Chikungunya virus disease","All cases","Reported cases","N","2018","EL","Greece",1.000000000,""
"Chikungunya virus disease","All cases","Reported cases","N","2018","ES","Spain",27.000000000,""
"Chikungunya virus disease","All cases","Reported cases","N","2018","EU_EEA31","EU/EEA",170.000000000,""
"Chikungunya virus disease","All cases","Reported cases","N","2018","EU28","EU",170.000000000,""
"Chikungunya virus disease","All cases","Reported cases","N","2018","FI","Finland",1.000000000,""
"Chikungunya virus disease","All cases","Reported cases","N","2018","FR","France",16.000000000,""
"Chikungunya virus disease","All cases","Reported cases","N","2018","HR","Croatia",0.000000000,""
"Chikungunya virus disease","All cases","Reported cases","N","2018","HU","Hungary",3.000000000,""
"Chikungunya virus disease","All cases","Reported cases","N","2018","IE","Ireland",0.000000000,""
"Chikungunya virus disease","All cases","Reported cases","N","2018","IT","Italy",4.000000000,""
"Chikungunya virus disease","All cases","Reported cases","N","2018","LT","Lithuania",0.000000000,""
"Chikungunya virus disease","All cases","Reported cases","N","2018","LU","Luxembourg",0.000000000,""
"Chikungunya virus disease","All cases","Reported cases","N","2018","LV","Latvia",0.000000000,""
"Chikungunya virus disease","All cases","Reported cases","N","2018","MT","Malta",0.000000000,""
"Chikungunya virus disease","All cases","Reported cases","N","2018","NL","Netherlands",0.000000000,""
"Chikungunya virus disease","All cases","Reported cases","N","2018","PL","Poland",0.000000000,""
"Chikungunya virus disease","All cases","Reported cases","N","2018","PT","Portugal",1.000000000,""
"Chikungunya virus disease","All cases","Reported cases","N","2018","RO","Romania",2.000000000,""
"Chikungunya virus disease","All cases","Reported cases","N","2018","SE","Sweden",20.000000000,""
"Chikungunya virus disease","All cases","Reported cases","N","2018","SI","Slovenia",0.000000000,""
"Chikungunya virus disease","All cases","Reported cases","N","2018","SK","Slovakia",0.000000000,""
"Chikungunya virus disease","All cases","Reported cases","N","2018","UK","United Kingdom",59.000000000,""
"Chikungunya virus disease","All cases","Reported cases","N","2019","AT","Austria",17.000000000,""
"Chikungunya virus disease","All cases","Reported cases","N","2019","BE","Belgium",60.000000000,""
"Chikungunya virus disease","All cases","Reported cases","N","2019","CZ","Czechia",15.000000000,""
"Chikungunya virus disease","All cases","Reported cases","N","2019","DE","Germany",87.000000000,""
"Chikungunya virus disease","All cases","Reported cases","N","2019","EE","Estonia",0.000000000,""
"Chikungunya virus disease","All cases","Reported cases","N","2019","EL","Greece",2.000000000,""
"Chikungunya virus disease","All cases","Reported cases","N","2019","ES","Spain",46.000000000,""
"Chikungunya virus disease","All cases","Reported cases","N","2019","EU_EEA31","EU/EEA",535.000000000,""
"Chikungunya virus disease","All cases","Reported cases","N","2019","EU28","EU",535.000000000,""
"Chikungunya virus disease","All cases","Reported cases","N","2019","FI","Finland",14.000000000,""
"Chikungunya virus disease","All cases","Reported cases","N","2019","FR","France",108.000000000,""
"Chikungunya virus disease","All cases","Reported cases","N","2019","HR","Croatia",0.000000000,""
"Chikungunya virus disease","All cases","Reported cases","N","2019","HU","Hungary",5.000000000,""
"Chikungunya virus disease","All cases","Reported cases","N","2019","IE","Ireland",1.000000000,""
"Chikungunya virus disease","All cases","Reported cases","N","2019","IT","Italy",25.000000000,""
"Chikungunya virus disease","All cases","Reported cases","N","2019","LT","Lithuania",0.000000000,""
"Chikungunya virus disease","All cases","Reported cases","N","2019","LU","Luxembourg",1.000000000,""
"Chikungunya virus disease","All cases","Reported cases","N","2019","LV","Latvia",0.000000000,""
"Chikungunya virus disease","All cases","Reported cases","N","2019","MT","Malta",0.000000000,""
"Chikungunya virus disease","All cases","Reported cases","N","2019","NL","Netherlands",0.000000000,""
"Chikungunya virus disease","All cases","Reported cases","N","2019","PL","Poland",2.000000000,""
"Chikungunya virus disease","All cases","Reported cases","N","2019","PT","Portugal",0.000000000,""
"Chikungunya virus disease","All cases","Reported cases","N","2019","RO","Romania",0.000000000,""
"Chikungunya virus disease","All cases","Reported cases","N","2019","SE","Sweden",58.000000000,""
"Chikungunya virus disease","All cases","Reported cases","N","2019","SI","Slovenia",0.000000000,""
"Chikungunya virus disease","All cases","Reported cases","N","2019","SK","Slovakia",0.000000000,""
"Chikungunya virus disease","All cases","Reported cases","N","2019","UK","United Kingdom",94.000000000,""
"Chikungunya virus disease","All cases","Reported cases","N","2020","AT","Austria",0.000000000,""
"Chikungunya virus disease","All cases","Reported cases","N","2020","BE","Belgium",8.000000000,""
"Chikungunya virus disease","All cases","Reported cases","N","2020","CZ","Czechia",0.000000000,""
"Chikungunya virus disease","All cases","Reported cases","N","2020","DE","Germany",26.000000000,""
"Chikungunya virus disease","All cases","Reported cases","N","2020","EE","Estonia",0.000000000,""
"Chikungunya virus disease","All cases","Reported cases","N","2020","EL","Greece",0.000000000,""
"Chikungunya virus disease","All cases","Reported cases","N","2020","ES","Spain",9.000000000,""
"Chikungunya virus disease","All cases","Reported cases","N","2020","EU_EEA31","EU/EEA",65.000000000,""
"Chikungunya virus disease","All cases","Reported cases","N","2020","EU28","EU",65.000000000,""
"Chikungunya virus disease","All cases","Reported cases","N","2020","FI","Finland",2.000000000,""
"Chikungunya virus disease","All cases","Reported cases","N","2020","FR","France",13.000000000,""
"Chikungunya virus disease","All cases","Reported cases","N","2020","HR","Croatia",0.000000000,""
"Chikungunya virus disease","All cases","Reported cases","N","2020","HU","Hungary",0.000000000,""
"Chikungunya virus disease","All cases","Reported cases","N","2020","IE","Ireland",0.000000000,""
"Chikungunya virus disease","All cases","Reported cases","N","2020","IT","Italy",6.000000000,""
"Chikungunya virus disease","All cases","Reported cases","N","2020","LT","Lithuania",0.000000000,""
"Chikungunya virus disease","All cases","Reported cases","N","2020","LU","Luxembourg",0.000000000,""
"Chikungunya virus disease","All cases","Reported cases","N","2020","LV","Latvia",0.000000000,""
"Chikungunya virus disease","All cases","Reported cases","N","2020","MT","Malta",0.000000000,""
"Chikungunya virus disease","All cases","Reported cases","N","2020","NL","Netherlands",0.000000000,""
"Chikungunya virus disease","All cases","Reported cases","N","2020","PL","Poland",0.000000000,""
"Chikungunya virus disease","All cases","Reported cases","N","2020","PT","Portugal",0.000000000,""
"Chikungunya virus disease","All cases","Reported cases","N","2020","RO","Romania",0.000000000,""
"Chikungunya virus disease","All cases","Reported cases","N","2020","SE","Sweden",1.000000000,""
"Chikungunya virus disease","All cases","Reported cases","N","2020","SI","Slovenia",0.000000000,""
"Chikungunya virus disease","All cases","Reported cases","N","2020","SK","Slovakia",0.000000000,""
"Chikungunya virus disease","All cases","Reported cases","N","2021","AT","Austria",0.000000000,""
"Chikungunya virus disease","All cases","Reported cases","N","2021","BE","Belgium",2.000000000,""
"Chikungunya virus disease","All cases","Reported cases","N","2021","CZ","Czechia",0.000000000,""
"Chikungunya virus disease","All cases","Reported cases","N","2021","DE","Germany",4.000000000,""
"Chikungunya virus disease","All cases","Reported cases","N","2021","EE","Estonia",0.000000000,""
"Chikungunya virus disease","All cases","Reported cases","N","2021","EL","Greece",0.000000000,""
"Chikungunya virus disease","All cases","Reported cases","N","2021","ES","Spain",1.000000000,""
"Chikungunya virus disease","All cases","Reported cases","N","2021","EU_EEA31","EU/EEA",13.000000000,""
"Chikungunya virus disease","All cases","Reported cases","N","2021","EU28","EU",13.000000000,""
"Chikungunya virus disease","All cases","Reported cases","N","2021","FI","Finland",0.000000000,""
"Chikungunya virus disease","All cases","Reported cases","N","2021","FR","France",4.000000000,""
"Chikungunya virus disease","All cases","Reported cases","N","2021","HR","Croatia",0.000000000,""
"Chikungunya virus disease","All cases","Reported cases","N","2021","HU","Hungary",0.000000000,""
"Chikungunya virus disease","All cases","Reported cases","N","2021","IE","Ireland",0.000000000,""
"Chikungunya virus disease","All cases","Reported cases","N","2021","IT","Italy",0.000000000,""
"Chikungunya virus disease","All cases","Reported cases","N","2021","LI","Liechtenstein",0.000000000,""
"Chikungunya virus disease","All cases","Reported cases","N","2021","LT","Lithuania",0.000000000,""
"Chikungunya virus disease","All cases","Reported cases","N","2021","LU","Luxembourg",0.000000000,""
"Chikungunya virus disease","All cases","Reported cases","N","2021","LV","Latvia",0.000000000,""
"Chikungunya virus disease","All cases","Reported cases","N","2021","MT","Malta",0.000000000,""
"Chikungunya virus disease","All cases","Reported cases","N","2021","NL","Netherlands",0.000000000,""
"Chikungunya virus disease","All cases","Reported cases","N","2021","PL","Poland",0.000000000,""
"Chikungunya virus disease","All cases","Reported cases","N","2021","PT","Portugal",0.000000000,""
"Chikungunya virus disease","All cases","Reported cases","N","2021","RO","Romania",0.000000000,""
"Chikungunya virus disease","All cases","Reported cases","N","2021","SE","Sweden",2.000000000,""
"Chikungunya virus disease","All cases","Reported cases","N","2021","SI","Slovenia",0.000000000,""
"Chikungunya virus disease","All cases","Reported cases","N","2021","SK","Slovakia",0.000000000,""
